date,justification,ai_recommendation,final_weights
2017-07-31,"The portfolio is constructed based on the highest breakout_quality_score and eric_adx_weighted_momentum values, which indicate strong momentum and trend quality. CWB.P has the highest breakout_quality_score at 9.940 and a solid eric_adx_weighted_momentum of 0.006, making it the top pick with the highest weight. IGOV.O and BWX.P also show strong breakout_quality_score and eric_adx_weighted_momentum, while HYG.P and JNK.P are included for their high breakout_quality_score, with weights allocated proportionally to their signal strengths.","{'CWB.P': 0.35, 'IGOV.O': 0.25, 'BWX.P': 0.15, 'HYG.P': 0.15, 'JNK.P': 0.1}","{'CWB.P': 0.35, 'IGOV.O': 0.25, 'BWX.P': 0.15, 'HYG.P': 0.15, 'JNK.P': 0.1}"
2017-08-31,"I selected ETFs with the highest breakout_quality_score and smart_momentum_adx_r2 values, as these factors indicate strong momentum and stability for potential short-term gains. IEF.O and MBB.O showed the highest scores, with SHV.O and BSV.P also performing well, leading to concentrated weights in these top performers.","{'IEF.O': 0.35, 'MBB.O': 0.25, 'SHV.O': 0.2, 'BSV.P': 0.2}","{'IEF.O': 0.35, 'MBB.O': 0.25, 'SHV.O': 0.2, 'BSV.P': 0.2}"
2017-09-29,基于因子分析，ICVT.B 在 breakout_quality_score、eric_adx_weighted_momentum 和 smart_momentum_adx_r2 上表现突出，显示出强劲的上涨潜力；FLOT.B 和 SHV.O 在 breakout_quality_score 上得分较高，提供额外动量支持；因此，权重分配优先考虑这些 ETF 以最大化短期收益。,"{'ICVT.B': 0.5, 'FLOT.B': 0.3, 'SHV.O': 0.2}","{'ICVT.B': 0.5, 'FLOT.B': 0.3, 'SHV.O': 0.2}"
2017-10-31,"I selected ETFs with the highest combined factor scores, focusing on strong momentum, breakout quality, and smart momentum, which are key indicators for short-term upside potential. ICVT.B and CWB.P showed exceptional performance across multiple factors, while VCLT.P and EMB.O provided additional diversification with solid scores.","{'ICVT.B': 0.35, 'CWB.P': 0.3, 'VCLT.O': 0.2, 'EMB.O': 0.15}","{'ICVT.B': 0.35, 'CWB.P': 0.3, 'VCLT.O': 0.2, 'EMB.O': 0.15}"
2017-11-30,"I selected ETFs with the highest momentum and breakout_quality_score to maximize short-term gains, focusing on IGOV.O, CWB.P, ICVT.B, and VCLT.O for their strong combined factor performance, while avoiding those with negative or low values in key metrics.","{'IGOV.O': 0.3, 'CWB.P': 0.25, 'ICVT.B': 0.25, 'VCLT.O': 0.2}","{'IGOV.O': 0.3, 'CWB.P': 0.25, 'ICVT.B': 0.25, 'VCLT.O': 0.2}"
2017-12-29,"I selected ETFs with the highest momentum and breakout_quality_score to maximize short-term gains, focusing on VCLT.O for its strong momentum and breakout quality, EMB.O for its high breakout quality, and ICVT.B for its solid momentum and smart_momentum_adx_r2, with weights allocated based on their relative factor strengths.","{'VCLT.O': 0.4, 'EMB.O': 0.35, 'ICVT.B': 0.25}","{'VCLT.O': 0.4, 'EMB.O': 0.35, 'ICVT.B': 0.25}"
2018-01-31,"I selected ETFs with the highest combined factor scores, focusing on strong momentum, breakout quality, and smart momentum, which are key indicators for short-term upside potential. CWB.P and ICVT.B showed exceptional momentum and breakout scores, while FLOT.B and IGOV.P offered strong breakout quality and positive momentum, leading to their inclusion with weights reflecting their relative strength.","{'CWB.P': 0.35, 'ICVT.B': 0.3, 'FLOT.B': 0.2, 'IGOV.O': 0.15}","{'CWB.P': 0.35, 'ICVT.B': 0.3, 'FLOT.B': 0.2, 'IGOV.O': 0.15}"
2018-02-28,"I selected ETFs with the highest momentum and breakout_quality_score, as these factors indicate strong upward price trends and quality of breakouts, which are key for maximizing short-term PnL. FLOT.B and BIL.P show exceptional breakout_quality_score values of 6.648 and 15.393 respectively, combined with positive momentum, making them top choices. CBON.P and ICVT.B also exhibit high momentum and favorable smart_momentum_adx_r2, supporting their inclusion with moderate weights.","{'FLOT.B': 0.35, 'BIL.P': 0.3, 'CBON.P': 0.2, 'ICVT.B': 0.15}","{'FLOT.B': 0.35, 'BIL.P': 0.3, 'CBON.P': 0.2, 'ICVT.B': 0.15}"
2018-03-29,"I selected ETFs with the highest momentum and breakout_quality_score, as these factors indicate strong upward price trends and quality breakouts, which are key for maximizing short-term PnL. Specifically, CBON.P, IAGG.B, and IEI.O showed superior values in these areas, with CBON.P having the highest momentum and breakout_quality_score, leading to a higher weight allocation.","{'CBON.P': 0.5, 'IAGG.B': 0.3, 'IEI.O': 0.2}","{'CBON.P': 0.5, 'IAGG.B': 0.3, 'IEI.O': 0.2}"
2018-04-30,"I selected ETFs with the highest momentum and breakout_quality_score, as these factors indicate strong upward price trends and quality breakouts. CBON.P and ICVT.B have the highest momentum values (0.079 and 0.080), while SHV.O and BIL.P show exceptional breakout_quality_score (9.599 and 17.855), supporting their potential for short-term gains. I allocated higher weights to SHV.O and BIL.P due to their superior breakout scores and positive momentum, with CBON.P and ICVT.B included for diversification and strong momentum signals.","{'SHV.O': 0.35, 'BIL.P': 0.35, 'CBON.P': 0.15, 'ICVT.B': 0.15}","{'SHV.O': 0.35, 'BIL.P': 0.35, 'CBON.P': 0.15, 'ICVT.B': 0.15}"
2018-05-31,"I selected ETFs with the highest momentum and strong breakout quality scores, focusing on CWB.P and ICVT.B for their exceptional momentum values (0.085 and 0.092 respectively) and positive breakout_quality_score, which indicate strong upward potential. I allocated higher weights to these based on their superior factor performance, while including SHV.O and BIL.P for their high breakout_quality_score (7.634 and 11.011) and positive momentum, providing diversification and stability.","{'CWB.P': 0.35, 'ICVT.B': 0.35, 'SHV.O': 0.15, 'BIL.P': 0.15}","{'CWB.P': 0.35, 'ICVT.B': 0.35, 'SHV.O': 0.15, 'BIL.P': 0.15}"
2018-06-29,"I selected ETFs with the highest momentum and breakout_quality_score, as these factors indicate strong upward price trends and quality of breakouts, which are key for maximizing short-term PnL. Specifically, CWB.P and ICVT.B show the highest momentum values, while SHV.O and BIL.P have the highest breakout_quality_score, making them top candidates for the portfolio.","{'CWB.P': 0.3, 'ICVT.B': 0.3, 'SHV.O': 0.2, 'BIL.P': 0.2}","{'CWB.P': 0.3, 'ICVT.B': 0.3, 'SHV.O': 0.2, 'BIL.P': 0.2}"
2018-07-31,基于因子分析，ICVT.B 和 CWB.P 显示出最强的正向动量（分别为 0.055 和 0.045）和积极的 breakout_quality_score，表明它们具有较高的短期上涨潜力；FLOT.B 也表现出稳健的动量（0.014）和较高的 breakout_quality_score（6.418），因此被选入组合。权重分配反映了对 ICVT.B 最高信心，其次是 CWB.P 和 FLOT.B，以最大化预期 PnL。,"{'ICVT.B': 0.5, 'CWB.P': 0.3, 'FLOT.B': 0.2}","{'ICVT.B': 0.5, 'CWB.P': 0.3, 'FLOT.B': 0.2}"
2018-08-31,"I selected ETFs with the highest momentum and strong breakout quality scores, focusing on ICVT.B and CWB.P for their exceptional momentum values (0.098 and 0.087 respectively) and solid breakout quality, which indicate strong upward potential. FLOT.B was included for its high breakout quality score (7.891) and positive momentum, while HYG.P and SHV.O were added for their high smart momentum and breakout scores, ensuring a diversified yet high-conviction portfolio.","{'ICVT.B': 0.35, 'CWB.P': 0.3, 'FLOT.B': 0.15, 'HYG.P': 0.1, 'SHV.O': 0.1}","{'ICVT.B': 0.35, 'CWB.P': 0.3, 'FLOT.B': 0.15, 'HYG.P': 0.1, 'SHV.O': 0.1}"
2018-09-28,"I selected ETFs with the highest breakout_quality_score and positive momentum to maximize short-term upside potential, focusing on SHV.O, BIL.P, FLOT.B, JNK.P, and EMB.O for their strong signals and diversification.","{'SHV.O': 0.35, 'BIL.P': 0.25, 'FLOT.B': 0.15, 'JNK.P': 0.15, 'EMB.O': 0.1}","{'SHV.O': 0.35, 'BIL.P': 0.25, 'FLOT.B': 0.15, 'JNK.P': 0.15, 'EMB.O': 0.1}"
2018-10-31,"I selected ETFs with the highest breakout_quality_score and positive momentum, as these factors indicate strong upward potential and trend quality. SHV.O, BIL.P, and FLOT.B have the highest breakout_quality_scores and positive momentum, while IAGG.B and TIP.P show strong positive eric_tail_skew, suggesting favorable risk-adjusted returns for a short-term long portfolio.","{'SHV.O': 0.35, 'BIL.P': 0.3, 'FLOT.B': 0.15, 'IAGG.B': 0.1, 'TIP.P': 0.1}","{'SHV.O': 0.35, 'BIL.P': 0.3, 'FLOT.B': 0.15, 'IAGG.B': 0.1, 'TIP.P': 0.1}"
2018-11-30,"I selected ETFs with the highest momentum and breakout_quality_score, as these factors indicate strong upward price trends and quality breakouts. SHV.O and BIL.P have the highest breakout_quality_score and positive momentum, while HYG.P and CWB.P show strong momentum and favorable tail skew for potential gains, leading to a concentrated portfolio for maximum PnL.","{'SHV.O': 0.35, 'BIL.P': 0.3, 'HYG.P': 0.2, 'CWB.P': 0.15}","{'SHV.O': 0.35, 'BIL.P': 0.3, 'HYG.P': 0.2, 'CWB.P': 0.15}"
2018-12-31,"I selected ETFs with strong positive momentum and breakout quality scores, focusing on IEF.O for its highest momentum and ADX-weighted momentum, IEI.O for solid momentum and breakout quality, and SHY.O for high breakout quality and positive smart momentum. These factors indicate strong upward potential for the next month.","{'IEF.O': 0.4, 'IEI.O': 0.35, 'SHY.O': 0.25}","{'IEF.O': 0.4, 'IEI.O': 0.35, 'SHY.O': 0.25}"
2019-01-31,"The portfolio is constructed based on high momentum and breakout quality scores, with EMB.O and BNDX.O showing strong momentum and breakout signals, HYG.P and JNK.P offering high momentum and positive tail skew for potential upside, and IUSB.O providing a balanced momentum and breakout profile.","{'EMB.O': 0.25, 'BNDX.O': 0.25, 'HYG.P': 0.2, 'JNK.P': 0.2, 'IUSB.O': 0.1}","{'EMB.O': 0.25, 'BNDX.O': 0.25, 'HYG.P': 0.2, 'JNK.P': 0.2, 'IUSB.O': 0.1}"
2019-02-28,"I selected ETFs with the highest combined scores in momentum, breakout_quality_score, and eric_adx_weighted_momentum to maximize short-term upside potential, focusing on IGSB.O for its strong breakout quality and momentum, CWB.P for its high ADX-weighted momentum, and EMB.O for its solid momentum and breakout scores, while avoiding those with negative or weak signals.","{'IGSB.O': 0.4, 'CWB.P': 0.35, 'EMB.O': 0.25}","{'IGSB.O': 0.4, 'CWB.P': 0.35, 'EMB.O': 0.25}"
2019-03-29,"I selected ETFs with the highest combined scores in momentum, breakout_quality_score, eric_adx_weighted_momentum, and smart_momentum_adx_r2, as these factors indicate strong upward potential and trend stability for maximizing short-term PnL. VCLT.O and IUSB.O showed exceptional values across multiple key factors, while IEF.O and IAGG.B provided robust momentum and quality metrics, leading to a concentrated portfolio with weights proportional to their signal strengths.","{'VCLT.O': 0.35, 'IUSB.O': 0.25, 'IEF.O': 0.2, 'IAGG.B': 0.2}","{'VCLT.O': 0.35, 'IUSB.O': 0.25, 'IEF.O': 0.2, 'IAGG.B': 0.2}"
2019-04-30,我选择了 breakout_quality_score、smart_momentum_adx_r2 和 eric_adx_weighted_momentum 因子值最高的 ETF，因为这些因子结合了动量、趋势强度和稳定性，表明短期上涨潜力最大。FLOT.B 和 SHV.O 在 breakout_quality_score 和 eric_adx_weighted_momentum 上表现突出，而 VCLT.O 在 smart_momentum_adx_r2 上领先，因此分配较高权重以最大化 PnL。,"{'FLOT.B': 0.35, 'SHV.O': 0.3, 'VCLT.O': 0.2, 'JNK.P': 0.1, 'HYG.P': 0.05}","{'FLOT.B': 0.35, 'SHV.O': 0.3, 'VCLT.O': 0.2, 'JNK.P': 0.1, 'HYG.P': 0.05}"
2019-05-31,"I selected TLT.O, IEF.O, and VCLT.O based on their strong momentum, breakout_quality_score, and smart_momentum_adx_r2 values, which indicate high potential for short-term gains. TLT.O received the highest weight due to its exceptional momentum and breakout quality, while IEF.O and VCLT.O were included for their solid overall factor scores.","{'TLT.O': 0.5, 'IEF.O': 0.3, 'VCLT.O': 0.2}","{'TLT.O': 0.5, 'IEF.O': 0.3, 'VCLT.O': 0.2}"
2019-06-28,"I selected VCLT.O, EMB.O, TLT.O, and IUSB.O based on their strong momentum, breakout_quality_score, and smart_momentum_adx_r2 values, which indicate high short-term upside potential. VCLT.O received the highest weight due to its exceptional smart_momentum_adx_r2 and eric_adx_weighted_momentum, while EMB.O and TLT.O show robust momentum and quality scores, and IUSB.O adds diversification with solid factor performance.","{'VCLT.O': 0.4, 'EMB.O': 0.25, 'TLT.O': 0.2, 'IUSB.O': 0.15}","{'VCLT.O': 0.4, 'EMB.O': 0.25, 'TLT.O': 0.2, 'IUSB.O': 0.15}"
2019-07-31,"I selected ETFs with the highest combined factor scores, focusing on momentum, breakout_quality_score, eric_adx_weighted_momentum, smart_momentum_adx_r2, and positive eric_tail_skew for short-term upside potential. VCLT.O and IAGG.B show strong momentum and quality scores, while BNDX.O and ICVT.B exhibit high breakout and ADX-weighted momentum, with EMB.O adding diversification and solid performance.","{'VCLT.O': 0.25, 'IAGG.B': 0.25, 'BNDX.O': 0.2, 'ICVT.B': 0.2, 'EMB.O': 0.1}","{'VCLT.O': 0.25, 'IAGG.B': 0.25, 'BNDX.O': 0.2, 'ICVT.B': 0.2, 'EMB.O': 0.1}"
2019-08-30,基于因子分析，选择 momentum、breakout_quality_score、eric_adx_weighted_momentum 和 smart_momentum_adx_r2 值最高的 ETF，这些因子共同指示强劲的上涨潜力和趋势稳定性。TLT.O 和 VCLT.O 在所有关键因子中表现突出，权重分配反映其相对优势。,"{'TLT.O': 0.55, 'VCLT.O': 0.45}","{'TLT.O': 0.55, 'VCLT.O': 0.45}"
2019-09-30,"I selected ETFs with the highest momentum and smart_momentum_adx_r2 values, as these factors indicate strong recent performance and stable trends, which are key for maximizing short-term PnL. TLT.O and VCLT.O have the highest momentum and strong smart_momentum_adx_r2, while IAGG.B and SPAB.P offer complementary high scores in these areas, with IEF.O adding diversification and solid momentum.","{'TLT.O': 0.35, 'VCLT.O': 0.3, 'IAGG.B': 0.15, 'SPAB.P': 0.1, 'IEF.O': 0.1}","{'TLT.O': 0.35, 'VCLT.O': 0.3, 'IAGG.B': 0.15, 'SPAB.P': 0.1, 'IEF.O': 0.1}"
2019-10-31,"I selected TLT.O and IEF.O due to their strong momentum (0.182 and 0.090) and high smart_momentum_adx_r2 (0.033 and 0.015), indicating robust trend strength and stability for potential gains. I allocated higher weight to TLT.O as it shows superior momentum and breakout potential, while IEF.O provides diversification with solid performance.","{'TLT.O': 0.7, 'IEF.O': 0.3}","{'TLT.O': 0.7, 'IEF.O': 0.3}"
2019-11-29,"The portfolio is constructed by selecting ETFs with the highest combined scores in momentum, breakout_quality_score, eric_adx_weighted_momentum, and smart_momentum_adx_r2, which are key indicators for short-term upside potential. TLT.O and VCLT.O show strong momentum and trend strength, while CWB.P and FLOT.B exhibit high breakout quality and stability, and ICVT.B has the highest ADX-weighted momentum, making them the top candidates for maximizing PnL.","{'TLT.O': 0.25, 'VCLT.O': 0.25, 'CWB.P': 0.2, 'FLOT.B': 0.15, 'ICVT.B': 0.15}","{'TLT.O': 0.25, 'VCLT.O': 0.25, 'CWB.P': 0.2, 'FLOT.B': 0.15, 'ICVT.B': 0.15}"
2019-12-31,"I selected ETFs with strong momentum and breakout quality scores, focusing on VCLT.O for its highest momentum and positive breakout quality, HYG.P for high breakout quality and momentum, CWB.P for strong breakout quality and momentum, EMB.O for solid momentum and breakout quality, and ICVT.B for its high ADX-weighted momentum and breakout quality, allocating weights based on their relative signal strength.","{'VCLT.O': 0.3, 'HYG.P': 0.25, 'CWB.P': 0.2, 'EMB.O': 0.15, 'ICVT.B': 0.1}","{'VCLT.O': 0.3, 'HYG.P': 0.25, 'CWB.P': 0.2, 'EMB.O': 0.15, 'ICVT.B': 0.1}"
2020-01-31,"The portfolio is constructed by selecting ETFs with the highest combined momentum and breakout quality scores, which are key indicators for short-term upside potential. CWB.P and ICVT.B show exceptional momentum and breakout quality, VCLT.O has strong momentum and smart momentum, while IUSB.O and MBB.O offer balanced high breakout quality and positive tail skew for risk management.","{'CWB.P': 0.35, 'ICVT.B': 0.3, 'VCLT.O': 0.2, 'IUSB.O': 0.1, 'MBB.O': 0.05}","{'CWB.P': 0.35, 'ICVT.B': 0.3, 'VCLT.O': 0.2, 'IUSB.O': 0.1, 'MBB.O': 0.05}"
2020-02-28,"I selected ETFs with strong momentum and breakout quality scores, focusing on TLT.O for its highest momentum and positive ADX-weighted momentum, IUSB.O for its high breakout quality and smart momentum, and IEF.O for its strong momentum and breakout quality. These factors indicate high short-term upside potential.","{'TLT.O': 0.5, 'IUSB.O': 0.3, 'IEF.O': 0.2}","{'TLT.O': 0.5, 'IUSB.O': 0.3, 'IEF.O': 0.2}"
2020-03-31,"I selected ETFs with the highest momentum and breakout_quality_score, as these factors indicate strong upward price trends and quality breakouts, which are key for maximizing short-term PnL. TLT.O has the highest momentum and a solid breakout score, while IEF.O and SHY.O show strong momentum and high breakout quality, leading to their significant weights; IEI.O and SHV.O were added for diversification with positive momentum and high breakout scores.","{'TLT.O': 0.35, 'IEF.O': 0.25, 'SHY.O': 0.2, 'IEI.O': 0.1, 'SHV.O': 0.1}","{'TLT.O': 0.35, 'IEF.O': 0.25, 'SHY.O': 0.2, 'IEI.O': 0.1, 'SHV.O': 0.1}"
2020-04-30,"I selected ETFs with the highest combined scores in momentum, breakout_quality_score, eric_adx_weighted_momentum, and smart_momentum_adx_r2, as these factors indicate strong upward potential and trend stability. CWB.P and ICVT.B showed exceptional values in multiple key factors, while FLOT.B and VCLT.O provided additional diversification with solid momentum and breakout scores, and IUSB.O was included for its balanced positive signals.","{'CWB.P': 0.3, 'ICVT.B': 0.25, 'FLOT.B': 0.2, 'VCLT.O': 0.15, 'IUSB.O': 0.1}","{'CWB.P': 0.3, 'ICVT.B': 0.25, 'FLOT.B': 0.2, 'VCLT.O': 0.15, 'IUSB.O': 0.1}"
2020-05-29,"I selected ETFs with strong momentum and breakout quality scores, focusing on ICVT.B and CWB.P for their high momentum and breakout signals, and IUSB.O for its positive momentum and breakout score. TLT.O was included for its exceptional momentum, despite a negative breakout score, and IEI.O for its high smart momentum. Weights were allocated based on the strength of these signals to maximize potential returns.","{'ICVT.B': 0.3, 'CWB.P': 0.25, 'IUSB.O': 0.2, 'TLT.O': 0.15, 'IEI.O': 0.1}","{'ICVT.B': 0.3, 'CWB.P': 0.25, 'IUSB.O': 0.2, 'TLT.O': 0.15, 'IEI.O': 0.1}"
2020-06-30,"I selected ETFs with the highest combined scores in momentum, breakout_quality_score, and eric_adx_weighted_momentum to maximize short-term upside potential, focusing on ICVT.B for its exceptional breakout quality and momentum, CWB.P for strong momentum and breakout signals, VCLT.O for high momentum and ADX-weighted momentum, IUSB.O for solid momentum and breakout quality, and TLT.O for its top momentum score, with weights allocated based on their relative factor strengths.","{'ICVT.B': 0.3, 'CWB.P': 0.25, 'VCLT.O': 0.2, 'IUSB.O': 0.15, 'TLT.O': 0.1}","{'ICVT.B': 0.3, 'CWB.P': 0.25, 'VCLT.O': 0.2, 'IUSB.O': 0.15, 'TLT.O': 0.1}"
2020-07-31,"The portfolio is constructed by selecting ETFs with the highest momentum and breakout_quality_score, which are key indicators for short-term upside potential. ICVT.B and CWB.P show exceptional momentum and strong breakout quality, while VCLT.O and TLT.O offer high momentum with good ADX-weighted momentum, and IUSB.O provides a balanced mix of positive factors.","{'ICVT.B': 0.3, 'CWB.P': 0.25, 'VCLT.O': 0.2, 'TLT.O': 0.15, 'IUSB.O': 0.1}","{'ICVT.B': 0.3, 'CWB.P': 0.25, 'VCLT.O': 0.2, 'TLT.O': 0.15, 'IUSB.O': 0.1}"
2020-08-31,"The portfolio is concentrated on ICVT.B and CWB.P due to their exceptionally high momentum, breakout_quality_score, eric_adx_weighted_momentum, and smart_momentum_adx_r2 values, which indicate strong upward potential and trend stability for maximizing short-term PnL.","{'ICVT.B': 0.6, 'CWB.P': 0.4}","{'ICVT.B': 0.6, 'CWB.P': 0.4}"
2020-09-30,"I selected ETFs with the highest momentum and strong breakout_quality_score, smart_momentum_adx_r2, and eric_adx_weighted_momentum values to maximize short-term upside potential, focusing on ICVT.B and CWB.P for their exceptional momentum and stability factors, while including TLT.O, IEF.O, and TIP.P for diversification and high momentum scores.","{'ICVT.B': 0.35, 'CWB.P': 0.3, 'TLT.O': 0.15, 'IEF.O': 0.1, 'TIP.P': 0.1}","{'ICVT.B': 0.35, 'CWB.P': 0.3, 'TLT.O': 0.15, 'IEF.O': 0.1, 'TIP.P': 0.1}"
2020-10-30,"The portfolio is concentrated on CBON.P, ICVT.B, and CWB.P due to their strong momentum, high breakout quality scores, and positive ADX-weighted momentum, indicating robust upward potential. CBON.P receives the highest weight for its exceptional breakout quality and momentum, while ICVT.B and CWB.P are included for their solid overall factor profiles, with weights reflecting confidence in their continued outperformance.","{'CBON.P': 0.5, 'ICVT.B': 0.3, 'CWB.P': 0.2}","{'CBON.P': 0.5, 'ICVT.B': 0.3, 'CWB.P': 0.2}"
2020-11-30,基于因子分析，选择了 momentum、breakout_quality_score、eric_adx_weighted_momentum 和 smart_momentum_adx_r2 值最高的 ETF，这些因子均与短期上涨潜力正相关。ICVT.B 和 CWB.P 在多个关键因子上表现突出，ANGL.O 和 JNK.P 也显示出强劲动量，而 EMB.O 作为补充以分散风险。,"{'ICVT.B': 0.35, 'CWB.P': 0.3, 'ANGL.O': 0.15, 'JNK.P': 0.1, 'EMB.O': 0.1}","{'ICVT.B': 0.35, 'CWB.P': 0.3, 'ANGL.O': 0.15, 'JNK.P': 0.1, 'EMB.O': 0.1}"
2020-12-31,"I selected ETFs with the highest momentum and breakout_quality_score to maximize short-term gains, focusing on CWB.P and ICVT.B for their exceptional momentum and smart_momentum_adx_r2 values, ANGL.O for strong breakout quality, and JNK.P and EMB.O for solid momentum and diversification, with weights assigned based on signal strength.","{'CWB.P': 0.25, 'ICVT.B': 0.25, 'ANGL.O': 0.2, 'JNK.P': 0.15, 'EMB.O': 0.15}","{'CWB.P': 0.25, 'ICVT.B': 0.25, 'ANGL.O': 0.2, 'JNK.P': 0.15, 'EMB.O': 0.15}"
2021-01-29,"The portfolio is concentrated on ICVT.B and CWB.P due to their exceptionally high momentum, breakout_quality_score, eric_adx_weighted_momentum, and smart_momentum_adx_r2 values, indicating strong upward potential and trend stability, while other ETFs show weaker or negative signals.","{'ICVT.B': 0.6, 'CWB.P': 0.4}","{'ICVT.B': 0.6, 'CWB.P': 0.4}"
2021-02-26,"The portfolio is concentrated on CWB.P and ICVT.B due to their exceptionally high momentum and smart_momentum_adx_r2 values, which significantly outperform all other ETFs, indicating strong short-term upside potential. All other ETFs show weak or negative factor scores, making them less attractive for maximizing PnL.","{'CWB.P': 0.5, 'ICVT.B': 0.5}","{'CWB.P': 0.5, 'ICVT.B': 0.5}"
2021-03-31,"The portfolio is constructed by selecting ETFs with the highest momentum and smart_momentum_adx_r2 values, which are strong predictors of short-term performance. HYG.P, JNK.P, and VTIP.O show the most robust signals across these key factors, leading to their inclusion with weights proportional to their factor strength.","{'HYG.P': 0.4, 'JNK.P': 0.35, 'VTIP.O': 0.25}","{'HYG.P': 0.4, 'JNK.P': 0.35, 'VTIP.O': 0.25}"
2021-04-30,"I selected ETFs with the highest momentum and breakout_quality_score to maximize short-term gains, focusing on CWB.P and ICVT.B for their strong momentum and breakout signals, and ANGL.O for its solid performance across multiple factors.","{'CWB.P': 0.4, 'ICVT.B': 0.35, 'ANGL.O': 0.25}","{'CWB.P': 0.4, 'ICVT.B': 0.35, 'ANGL.O': 0.25}"
2021-05-28,"Selected ETFs with the highest momentum and breakout_quality_score to maximize short-term gains, focusing on CBON.P, VTIP.O, and EMB.O for their strong combined factor performance.","{'CBON.P': 0.4, 'VTIP.O': 0.35, 'EMB.O': 0.25}","{'CBON.P': 0.4, 'VTIP.O': 0.35, 'EMB.O': 0.25}"
2021-06-30,"I selected ETFs with the highest momentum and breakout_quality_score to maximize short-term gains, focusing on CWB.P, ICVT.B, ANGL.O, HYG.P, and JNK.P which show strong positive momentum and quality signals.","{'CWB.P': 0.25, 'ICVT.B': 0.25, 'ANGL.O': 0.2, 'HYG.P': 0.15, 'JNK.P': 0.15}","{'CWB.P': 0.25, 'ICVT.B': 0.25, 'ANGL.O': 0.2, 'HYG.P': 0.15, 'JNK.P': 0.15}"
2021-07-30,"The portfolio is constructed by selecting ETFs with the highest momentum and breakout_quality_score, as these factors are strong predictors of short-term performance. TIP.P, VTIP.O, and ANGL.O exhibit superior momentum and breakout quality, while JNK.P and HYG.P show strong momentum with moderate breakout scores, justifying their inclusion with varying weights based on signal strength.","{'TIP.P': 0.3, 'VTIP.O': 0.25, 'ANGL.O': 0.2, 'JNK.P': 0.15, 'HYG.P': 0.1}","{'TIP.P': 0.3, 'VTIP.O': 0.25, 'ANGL.O': 0.2, 'JNK.P': 0.15, 'HYG.P': 0.1}"
2021-08-31,"I selected ETFs with the highest momentum and breakout_quality_score, such as ANGL.O, CWB.P, and JNK.P, as these factors indicate strong upward price trends and quality breakouts, which are key for maximizing short-term PnL. I allocated higher weights to ANGL.O and CWB.P due to their superior momentum and breakout scores, while including HYG.P and TIP.P for diversification and positive momentum signals.","{'ANGL.O': 0.35, 'CWB.P': 0.3, 'JNK.P': 0.2, 'HYG.P': 0.1, 'TIP.P': 0.05}","{'ANGL.O': 0.35, 'CWB.P': 0.3, 'JNK.P': 0.2, 'HYG.P': 0.1, 'TIP.P': 0.05}"
2021-09-30,"The portfolio is concentrated on ANGL.O and JNK.P due to their strong momentum (0.061 and 0.039 respectively), high breakout_quality_score (0.119 and 0.023), and positive smart_momentum_adx_r2 (0.021 and 0.005), indicating robust short-term growth potential. ANGL.O receives a higher weight for its superior factor scores across multiple metrics.","{'ANGL.O': 0.6, 'JNK.P': 0.4}","{'ANGL.O': 0.6, 'JNK.P': 0.4}"
2021-10-29,"I selected TIP.P, VTIP.O, and CWB.P based on their strong momentum, breakout quality, and smart momentum scores, which indicate high short-term upside potential. TIP.P and VTIP.O are allocated higher weights due to superior overall factor performance, while CWB.P is included for diversification despite a negative tail skew.","{'TIP.P': 0.45, 'VTIP.O': 0.35, 'CWB.P': 0.2}","{'TIP.P': 0.45, 'VTIP.O': 0.35, 'CWB.P': 0.2}"
2021-11-30,"I selected TLT.O, CBON.P, and VCLT.O based on their strong momentum (0.114, 0.055, 0.076), high breakout_quality_score (1.290, 2.952, N/A), and positive smart_momentum_adx_r2 (0.001, 0.001, 0.001), indicating robust upward potential and trend stability. TLT.O received the highest weight due to its exceptional momentum and breakout score, while CBON.P and VCLT.O were included for their solid factor profiles and diversification benefits.","{'TLT.O': 0.5, 'CBON.P': 0.3, 'VCLT.O': 0.2}","{'TLT.O': 0.5, 'CBON.P': 0.3, 'VCLT.O': 0.2}"
2021-12-31,"I selected ETFs with strong momentum and breakout quality scores, which are key indicators for short-term upside potential. HYG.P and JNK.P have the highest breakout_quality_score and positive momentum, while ANGL.O and EMB.O also show robust signals. TLT.O is included for its high momentum, despite a lower breakout score, to diversify the portfolio.","{'HYG.P': 0.35, 'JNK.P': 0.3, 'ANGL.O': 0.15, 'EMB.O': 0.1, 'TLT.O': 0.1}","{'HYG.P': 0.35, 'JNK.P': 0.3, 'ANGL.O': 0.15, 'EMB.O': 0.1, 'TLT.O': 0.1}"
2022-01-31,"I selected CBON.P, FLOT.B, and VTIP.O based on their positive momentum, breakout_quality_score, and smart_momentum_adx_r2 values, indicating strong upward potential and stability. CBON.P has the highest breakout_quality_score and positive momentum, FLOT.B shows solid breakout quality and positive skew, and VTIP.O has positive momentum and neutral skew, leading to higher weights for CBON.P and FLOT.B.","{'CBON.P': 0.45, 'FLOT.B': 0.35, 'VTIP.O': 0.2}","{'CBON.P': 0.45, 'FLOT.B': 0.35, 'VTIP.O': 0.2}"
2022-02-28,"I selected ETFs with the highest breakout_quality_score and positive momentum, as these factors indicate strong upward potential. VTIP.O and CBON.P have the highest breakout_quality_score and positive momentum, while ICVT.B and CWB.P show strong breakout signals despite negative momentum, suggesting recovery potential. FLOT.B is included for its neutral momentum and high eric_tail_skew, adding diversification.","{'VTIP.O': 0.35, 'CBON.P': 0.25, 'ICVT.B': 0.15, 'CWB.P': 0.15, 'FLOT.B': 0.1}","{'VTIP.O': 0.35, 'CBON.P': 0.25, 'ICVT.B': 0.15, 'CWB.P': 0.15, 'FLOT.B': 0.1}"
2022-03-31,基于因子分析，CBON.P 和 VTIP.O 显示出最强的正向动量信号（momentum 分别为 0.033 和 0.012），且 smart_momentum_adx_r2 和 eric_tail_skew 也相对积极，表明短期上涨潜力较高；FLOT.B 和 SHV.O 的动量接近中性但略负，但 eric_tail_skew 较高，提供一定反转机会，因此分配较低权重以分散风险。,"{'CBON.P': 0.4, 'VTIP.O': 0.3, 'FLOT.B': 0.2, 'SHV.O': 0.1}","{'CBON.P': 0.4, 'VTIP.O': 0.3, 'FLOT.B': 0.2, 'SHV.O': 0.1}"
2022-04-29,基于因子分析，BIL.P 在 breakout_quality_score 和 eric_tail_skew 上表现突出，显示出强劲的突破潜力和低极端风险，而 FLOT.B 和 VTIP.O 在多个动量相关因子中相对较好，提供了稳定的收益机会。因此，选择这三支 ETF 并分配权重以最大化预期回报。,"{'BIL.P': 0.5, 'FLOT.B': 0.3, 'VTIP.O': 0.2}","{'BIL.P': 0.5, 'FLOT.B': 0.3, 'VTIP.O': 0.2}"
2022-05-31,"Selected ETFs with the highest positive momentum and breakout_quality_score, such as VTIP.O and BIL.P, which show strong short-term potential, while avoiding those with negative momentum and high volatility.","{'VTIP.O': 0.4, 'BIL.P': 0.35, 'SHV.O': 0.25}","{'VTIP.O': 0.4, 'BIL.P': 0.35, 'SHV.O': 0.25}"
2022-06-30,"I selected BIL.P due to its strong positive momentum (0.001), high breakout_quality_score (3.203), and positive smart_momentum_adx_r2 (0.001), indicating the best short-term upside potential among all ETFs. FLOT.B and SHV.O were chosen for their relatively higher momentum and smart_momentum_adx_r2 values, while SHY.O and CBON.P were included for their moderate positive factors, ensuring diversification with a focus on the strongest signals.","{'BIL.P': 0.4, 'FLOT.B': 0.2, 'SHV.O': 0.2, 'SHY.O': 0.1, 'CBON.P': 0.1}","{'BIL.P': 0.4, 'FLOT.B': 0.2, 'SHV.O': 0.2, 'SHY.O': 0.1, 'CBON.P': 0.1}"
2022-07-29,"I selected ETFs with the highest positive momentum and breakout_quality_score, as these factors indicate strong upward potential and quality trends. Specifically, VTIP.O and BIL.P have positive momentum and high breakout scores, while SHV.O and FLOT.B show strong breakout quality and stability, making them suitable for maximizing short-term PnL in a bond-focused portfolio.","{'VTIP.O': 0.3, 'BIL.P': 0.25, 'SHV.O': 0.25, 'FLOT.B': 0.2}","{'VTIP.O': 0.3, 'BIL.P': 0.25, 'SHV.O': 0.25, 'FLOT.B': 0.2}"
2022-08-31,基于因子分析，选择了 breakout_quality_score 和 smart_momentum_adx_r2 较高的 ETF，如 BIL.P、SHV.O、FLOT.B 和 VTIP.O，它们显示出较强的正向动量信号和稳定性，而 CWB.P 和 ICVT.B 也表现出一定的突破潜力，因此分配权重以最大化短期收益。,"{'BIL.P': 0.3, 'SHV.O': 0.25, 'FLOT.B': 0.2, 'VTIP.O': 0.15, 'CWB.P': 0.1}","{'BIL.P': 0.3, 'SHV.O': 0.25, 'FLOT.B': 0.2, 'VTIP.O': 0.15, 'CWB.P': 0.1}"
2022-09-30,"The portfolio is concentrated on BIL.P and SHV.O due to their strong positive momentum, high breakout_quality_score, and positive smart_momentum_adx_r2, indicating superior short-term growth potential in the bond ETF pool, while other ETFs show negative or weak signals across most factors.","{'BIL.P': 0.6, 'SHV.O': 0.4}","{'BIL.P': 0.6, 'SHV.O': 0.4}"
2022-10-31,"Selected ETFs with the highest breakout_quality_score and positive momentum to maximize short-term upside potential, focusing on SHV.O and BIL.P for their strong breakout signals and FLOT.B for its neutral momentum and moderate breakout score.","{'SHV.O': 0.4, 'BIL.P': 0.35, 'FLOT.B': 0.25}","{'SHV.O': 0.4, 'BIL.P': 0.35, 'FLOT.B': 0.25}"
2022-11-30,"I selected ETFs with the highest breakout_quality_score and positive momentum, as these factors indicate strong upward potential and trend quality. FLOT.B, SHV.O, and BIL.P have the highest breakout_quality_scores (9.043, 19.104, 16.078) and positive momentum values, suggesting they are the best candidates for maximizing short-term PnL. I allocated weights proportionally to their breakout_quality_scores to reflect confidence in their relative strengths.","{'FLOT.B': 0.2, 'SHV.O': 0.43, 'BIL.P': 0.37}","{'SHV.O': 0.43, 'BIL.P': 0.37, 'FLOT.B': 0.2}"
2022-12-30,基于因子分析，选择 FLOT.B、SHV.O 和 BIL.P，因为它们具有最高的 momentum、breakout_quality_score 和 smart_momentum_adx_r2 值，表明强劲的短期上涨潜力和稳定性，而 eric_tail_skew 的负值进一步支持反转信号。权重分配反映了 FLOT.B 和 SHV.O 的更强因子表现，而 BIL.P 作为补充。,"{'FLOT.B': 0.4, 'SHV.O': 0.35, 'BIL.P': 0.25}","{'FLOT.B': 0.4, 'SHV.O': 0.35, 'BIL.P': 0.25}"
2023-01-31,"I selected ETFs with the highest breakout_quality_score and positive momentum and smart_momentum_adx_r2 values, as these factors indicate strong upward potential and trend quality. SHV.O and BIL.P show exceptional breakout quality and positive momentum, while FLOT.B and ICVT.B also exhibit high scores and positive signals, making them top candidates for maximizing short-term PnL.","{'SHV.O': 0.35, 'BIL.P': 0.3, 'FLOT.B': 0.2, 'ICVT.B': 0.15}","{'SHV.O': 0.35, 'BIL.P': 0.3, 'FLOT.B': 0.2, 'ICVT.B': 0.15}"
2023-02-28,"I selected ETFs with the highest breakout_quality_score and positive momentum, as these factors indicate strong short-term upward potential. FLOT.B, SHV.O, and BIL.P have the highest breakout_quality_score values (12.887, 25.305, and 21.698 respectively) and positive momentum, making them the top choices for maximizing PnL. I allocated weights proportionally to their breakout_quality_score to reflect confidence in their performance.","{'FLOT.B': 0.22, 'SHV.O': 0.43, 'BIL.P': 0.35}","{'SHV.O': 0.43, 'BIL.P': 0.35, 'FLOT.B': 0.22}"
2023-03-31,"I selected ETFs with the highest breakout_quality_score and positive momentum, as these factors indicate strong upward potential and trend quality. SHV.O and BIL.P have the highest breakout_quality_score and positive momentum, while FLOT.B shows positive momentum and moderate scores, making them the top choices for maximizing short-term PnL.","{'SHV.O': 0.4, 'BIL.P': 0.35, 'FLOT.B': 0.25}","{'SHV.O': 0.4, 'BIL.P': 0.35, 'FLOT.B': 0.25}"
2023-04-28,基于因子分析，选择了 breakout_quality_score、smart_momentum_adx_r2 和 eric_adx_weighted_momentum 较高的 ETF，这些因子表明强劲的动量、趋势稳定性和突破潜力，以最大化短期收益。SHV.O 和 BIL.P 在多个因子中表现突出，权重最高，而 FLOT.B、JNK.P 和 HYG.P 提供补充的动量信号。,"{'SHV.O': 0.35, 'BIL.P': 0.3, 'FLOT.B': 0.15, 'JNK.P': 0.1, 'HYG.P': 0.1}","{'SHV.O': 0.35, 'BIL.P': 0.3, 'FLOT.B': 0.15, 'JNK.P': 0.1, 'HYG.P': 0.1}"
2023-05-31,"I selected ETFs with the highest breakout_quality_score and smart_momentum_adx_r2 values, as these factors indicate strong momentum and stability for short-term gains. SHV.O and BIL.P show exceptional breakout quality and smart momentum, while CWB.P and ICVT.B offer solid momentum and breakout signals, leading to a concentrated portfolio for maximum PnL.","{'SHV.O': 0.35, 'BIL.P': 0.35, 'CWB.P': 0.15, 'ICVT.B': 0.15}","{'SHV.O': 0.35, 'BIL.P': 0.35, 'CWB.P': 0.15, 'ICVT.B': 0.15}"
2023-06-30,"I selected ETFs with the highest combined factor scores, focusing on momentum, breakout_quality_score, and smart_momentum_adx_r2 for strong upward potential, while considering eric_tail_skew for risk management. SHV.O and BIL.P show exceptional breakout_quality_score and smart_momentum_adx_r2, CWB.P and ICVT.B have high momentum and eric_adx_weighted_momentum, and FLOT.B adds diversification with solid breakout_quality_score and positive smart_momentum_adx_r2.","{'SHV.O': 0.25, 'BIL.P': 0.25, 'CWB.P': 0.2, 'ICVT.B': 0.2, 'FLOT.B': 0.1}","{'SHV.O': 0.25, 'BIL.P': 0.25, 'CWB.P': 0.2, 'ICVT.B': 0.2, 'FLOT.B': 0.1}"
2023-07-31,"I selected ETFs with the highest combined scores in momentum, breakout_quality_score, eric_adx_weighted_momentum, and smart_momentum_adx_r2, which indicate strong upward potential and trend stability. ICVT.B and CWB.P show exceptional momentum and quality scores, while SHV.O and BIL.P have high breakout quality and positive skew, with FLOT.B adding diversification and solid performance.","{'ICVT.B': 0.35, 'CWB.P': 0.25, 'SHV.O': 0.15, 'BIL.P': 0.15, 'FLOT.B': 0.1}","{'ICVT.B': 0.35, 'CWB.P': 0.25, 'SHV.O': 0.15, 'BIL.P': 0.15, 'FLOT.B': 0.1}"
2023-08-31,"I selected ETFs with the highest momentum and breakout_quality_score, as these factors indicate strong upward price trends and quality of breakouts, which are key for maximizing short-term PnL. Specifically, JNK.P, HYG.P, and ANGL.O show high momentum values, while SHV.O and BIL.P have exceptional breakout_quality_scores, supporting their inclusion in the portfolio.","{'JNK.P': 0.25, 'HYG.P': 0.25, 'ANGL.O': 0.2, 'SHV.O': 0.15, 'BIL.P': 0.15}","{'JNK.P': 0.25, 'HYG.P': 0.25, 'ANGL.O': 0.2, 'SHV.O': 0.15, 'BIL.P': 0.15}"
2023-09-29,"The portfolio is constructed by selecting ETFs with the highest positive values across key momentum and quality factors, particularly breakout_quality_score and smart_momentum_adx_r2, which indicate strong upward potential and stability. SHV.O and BIL.P show the strongest signals with high breakout_quality_score and positive momentum, while FLOT.B and VTIP.O contribute with solid smart_momentum_adx_r2 and minimal negative skew, ensuring a diversified yet high-conviction allocation.","{'SHV.O': 0.35, 'BIL.P': 0.3, 'FLOT.B': 0.2, 'VTIP.O': 0.15}","{'SHV.O': 0.35, 'BIL.P': 0.3, 'FLOT.B': 0.2, 'VTIP.O': 0.15}"
2023-10-31,"I selected ETFs with the highest breakout_quality_score and positive momentum, as these factors indicate strong upward potential and quality trends. SHV.O, BIL.P, and FLOT.B have the highest scores, with SHV.O and BIL.P showing strong momentum and low tail skew, suggesting stability and profit potential, while FLOT.B adds diversification with solid performance.","{'SHV.O': 0.4, 'BIL.P': 0.35, 'FLOT.B': 0.25}","{'SHV.O': 0.4, 'BIL.P': 0.35, 'FLOT.B': 0.25}"
2023-11-30,"I selected ETFs with the highest momentum and breakout_quality_score to maximize short-term gains, focusing on ANGL.O for its top momentum and strong breakout quality, EMB.O for high momentum and positive tail skew, and JNK.P for its high momentum and breakout quality, with weights allocated based on their relative factor strength.","{'ANGL.O': 0.4, 'EMB.O': 0.35, 'JNK.P': 0.25}","{'ANGL.O': 0.4, 'EMB.O': 0.35, 'JNK.P': 0.25}"
2023-12-29,"I selected ETFs with the highest momentum and breakout_quality_score, as these factors indicate strong upward price trends and quality of breakouts, which are key for maximizing short-term PnL. Specifically, CWB.P, ICVT.B, and ANGL.O showed superior momentum and breakout scores, while EMB.O and JNK.P were included for their high momentum and moderate breakout quality, with weights allocated based on the strength of these signals.","{'CWB.P': 0.3, 'ICVT.B': 0.25, 'ANGL.O': 0.2, 'EMB.O': 0.15, 'JNK.P': 0.1}","{'CWB.P': 0.3, 'ICVT.B': 0.25, 'ANGL.O': 0.2, 'EMB.O': 0.15, 'JNK.P': 0.1}"
2024-01-31,"I selected ETFs with the highest momentum and breakout_quality_score, as these factors indicate strong upward price trends and quality breakouts, which are key for maximizing short-term PnL. ANGL.O has the highest momentum and a solid breakout score, while FLOT.B and SHV.O show excellent breakout quality and positive momentum, leading to higher weight allocations.","{'ANGL.O': 0.35, 'FLOT.B': 0.3, 'SHV.O': 0.2, 'JNK.P': 0.1, 'HYG.P': 0.05}","{'ANGL.O': 0.35, 'FLOT.B': 0.3, 'SHV.O': 0.2, 'JNK.P': 0.1, 'HYG.P': 0.05}"
2024-02-29,"The portfolio is constructed based on high momentum, strong breakout quality scores, and favorable smart momentum values, with FLOT.B and SHV.O showing exceptional breakout quality and momentum, JNK.P and ANGL.O exhibiting high momentum, and HYG.P providing additional momentum exposure, all selected to maximize short-term PnL.","{'FLOT.B': 0.25, 'SHV.O': 0.25, 'JNK.P': 0.2, 'ANGL.O': 0.2, 'HYG.P': 0.1}","{'FLOT.B': 0.25, 'SHV.O': 0.25, 'JNK.P': 0.2, 'ANGL.O': 0.2, 'HYG.P': 0.1}"
2024-03-28,"I selected ETFs with the highest momentum and breakout_quality_score to maximize short-term gains, focusing on ANGL.O for its top momentum and JNK.P for strong momentum and breakout quality, while diversifying with EMB.O and ICVT.B for their high breakout scores and momentum, and FLOT.B for its excellent breakout quality and positive momentum.","{'ANGL.O': 0.25, 'JNK.P': 0.25, 'EMB.O': 0.2, 'ICVT.B': 0.15, 'FLOT.B': 0.15}","{'ANGL.O': 0.25, 'JNK.P': 0.25, 'EMB.O': 0.2, 'ICVT.B': 0.15, 'FLOT.B': 0.15}"
2024-04-30,"I selected ETFs with the highest breakout_quality_score and smart_momentum_adx_r2 values, as these factors indicate strong momentum and stability for short-term gains. FLOT.B, SHV.O, and BIL.P show superior scores in these areas, with FLOT.B having the highest breakout_quality_score and BIL.P the highest smart_momentum_adx_r2, justifying their higher weights.","{'FLOT.B': 0.35, 'SHV.O': 0.3, 'BIL.P': 0.35}","{'FLOT.B': 0.35, 'BIL.P': 0.35, 'SHV.O': 0.3}"
2024-05-31,"I selected ETFs with the highest breakout_quality_score and smart_momentum_adx_r2 values, as these factors indicate strong momentum and stability for short-term gains. FLOT.B, SHV.O, and BIL.P show exceptional scores, while VTIP.O and IGSB.O provide additional diversification with solid performance metrics.","{'FLOT.B': 0.35, 'SHV.O': 0.3, 'BIL.P': 0.2, 'VTIP.O': 0.1, 'IGSB.O': 0.05}","{'FLOT.B': 0.35, 'SHV.O': 0.3, 'BIL.P': 0.2, 'VTIP.O': 0.1, 'IGSB.O': 0.05}"
2024-06-28,"I selected ETFs with the highest breakout_quality_score and eric_adx_weighted_momentum values, as these factors indicate strong momentum and trend quality, which are key for maximizing short-term PnL. SHV.O, BIL.P, FLOT.B, and IGSB.O showed the most robust signals, with SHV.O and BIL.P having the highest scores, thus assigned the largest weights.","{'SHV.O': 0.35, 'BIL.P': 0.3, 'FLOT.B': 0.2, 'IGSB.O': 0.15}","{'SHV.O': 0.35, 'BIL.P': 0.3, 'FLOT.B': 0.2, 'IGSB.O': 0.15}"
2024-07-31,"I selected ETFs with the highest combined scores in momentum, breakout_quality_score, eric_adx_weighted_momentum, and smart_momentum_adx_r2, as these factors indicate strong upward potential and trend stability for maximizing short-term PnL. Specifically, FLOT.B and SHV.O show exceptional breakout_quality_score and smart_momentum_adx_r2, while HYG.P and JNK.P have high momentum and eric_adx_weighted_momentum, with IGSB.O adding diversification and strong signals.","{'FLOT.B': 0.25, 'SHV.O': 0.25, 'HYG.P': 0.2, 'JNK.P': 0.2, 'IGSB.O': 0.1}","{'FLOT.B': 0.25, 'SHV.O': 0.25, 'HYG.P': 0.2, 'JNK.P': 0.2, 'IGSB.O': 0.1}"
2024-08-30,"I selected ETFs with the highest momentum and smart_momentum_adx_r2 values, such as HYG.P and JNK.P, which indicate strong recent performance and trend stability, while also considering breakout_quality_score for additional confirmation of quality signals.","{'HYG.P': 0.35, 'JNK.P': 0.35, 'EMB.O': 0.15, 'IGSB.O': 0.1, 'VTIP.O': 0.05}","{'HYG.P': 0.35, 'JNK.P': 0.35, 'EMB.O': 0.15, 'IGSB.O': 0.1, 'VTIP.O': 0.05}"
2024-09-30,"I selected ETFs with the highest momentum and breakout_quality_score to maximize short-term gains, focusing on HYG.P, JNK.P, EMB.O, CWB.P, and ICVT.B for their strong combined factor signals, with weights allocated based on their relative momentum and breakout scores.","{'HYG.P': 0.25, 'JNK.P': 0.25, 'EMB.O': 0.2, 'CWB.P': 0.15, 'ICVT.B': 0.15}","{'HYG.P': 0.25, 'JNK.P': 0.25, 'EMB.O': 0.2, 'CWB.P': 0.15, 'ICVT.B': 0.15}"
2024-10-31,"I selected CWB.P and ICVT.B due to their exceptionally high momentum (0.086 and 0.090) and smart_momentum_adx_r2 (0.087 and 0.084), indicating strong upward potential and stability, with positive breakout_quality_score and eric_adx_weighted_momentum supporting the trend. Higher weights were assigned to ICVT.B for its superior momentum and lower amount_std, suggesting less volatility and better risk-adjusted returns.","{'CWB.P': 0.4, 'ICVT.B': 0.6}","{'ICVT.B': 0.6, 'CWB.P': 0.4}"
2024-11-29,"I selected CWB.P and ICVT.B due to their exceptionally high momentum, breakout_quality_score, eric_adx_weighted_momentum, and smart_momentum_adx_r2 values, which indicate strong upward potential and trend stability. I allocated higher weight to CWB.P as it has slightly better momentum and breakout scores, while ICVT.B's strong performance supports a significant allocation.","{'CWB.P': 0.55, 'ICVT.B': 0.45}","{'CWB.P': 0.55, 'ICVT.B': 0.45}"
2024-12-31,"I selected ETFs with the highest momentum and smart_momentum_adx_r2 values, as these factors indicate strong recent performance and stable trends, which are key for maximizing short-term PnL. CWB.P and ICVT.B have the top momentum and smart_momentum scores, while FLOT.B and SHV.O show strong breakout_quality_score and positive eric_adx_weighted_momentum, supporting their inclusion with adjusted weights based on confidence.","{'CWB.P': 0.35, 'ICVT.B': 0.3, 'FLOT.B': 0.2, 'SHV.O': 0.15}","{'CWB.P': 0.35, 'ICVT.B': 0.3, 'FLOT.B': 0.2, 'SHV.O': 0.15}"
2025-01-31,"I selected ETFs with the highest momentum and strong breakout quality scores, focusing on CWB.P and ICVT.B for their exceptional momentum values (0.140 and 0.141) and positive smart_momentum_adx_r2, indicating robust trend strength and stability. I also included FLOT.B and SHV.O due to their high breakout_quality_score (17.351 and 41.363) and positive eric_adx_weighted_momentum, which suggest strong trend quality and momentum persistence. Weights are allocated proportionally to momentum and breakout scores to maximize potential returns.","{'CWB.P': 0.3, 'ICVT.B': 0.3, 'FLOT.B': 0.2, 'SHV.O': 0.2}","{'CWB.P': 0.3, 'ICVT.B': 0.3, 'FLOT.B': 0.2, 'SHV.O': 0.2}"
2025-02-28,"I selected ETFs with the highest momentum and breakout_quality_score, as these factors indicate strong upward price trends and quality of breakouts, which are key for maximizing short-term PnL. CWB.P and ICVT.B have the highest momentum values (0.109 and 0.112 respectively), while SHV.O and BIL.P show strong breakout_quality_score (33.519 and 28.158) and positive smart_momentum_adx_r2, supporting their potential for continued gains. I allocated higher weights to CWB.P and ICVT.B due to their superior momentum, and included SHV.O and BIL.P for diversification and stability based on their high breakout scores.","{'CWB.P': 0.35, 'ICVT.B': 0.35, 'SHV.O': 0.15, 'BIL.P': 0.15}","{'CWB.P': 0.35, 'ICVT.B': 0.35, 'SHV.O': 0.15, 'BIL.P': 0.15}"
2025-03-31,"I selected ETFs with the highest momentum and breakout_quality_score, as these factors indicate strong upward price trends and quality of breakouts, which are key for maximizing short-term PnL. Specifically, VTIP.O, SHV.O, and BIL.P show high values in breakout_quality_score and positive momentum, while FLOT.B and IGSB.O also exhibit strong signals in these areas, leading to their inclusion with weights proportional to their factor strengths.","{'VTIP.O': 0.25, 'SHV.O': 0.25, 'BIL.P': 0.2, 'FLOT.B': 0.15, 'IGSB.O': 0.15}","{'VTIP.O': 0.25, 'SHV.O': 0.25, 'BIL.P': 0.2, 'FLOT.B': 0.15, 'IGSB.O': 0.15}"
2025-04-30,"I selected ETFs with the highest momentum and breakout_quality_score to maximize short-term gains, focusing on CWB.P for its exceptional momentum and FLOT.B for strong breakout quality, while diversifying with SHY.O and BIL.P for stability and high breakout scores.","{'CWB.P': 0.35, 'FLOT.B': 0.25, 'SHY.O': 0.2, 'BIL.P': 0.2}","{'CWB.P': 0.35, 'FLOT.B': 0.25, 'SHY.O': 0.2, 'BIL.P': 0.2}"
2025-05-30,"The portfolio is constructed by selecting ETFs with the highest momentum and breakout_quality_score, such as CWB.P and ICVT.B, which show strong upward potential, while avoiding those with negative smart_momentum_adx_r2 to minimize risk. Weights are allocated based on the strength of these positive signals to maximize short-term PnL.","{'CWB.P': 0.35, 'ICVT.B': 0.35, 'FLOT.B': 0.15, 'SHV.O': 0.1, 'BIL.P': 0.05}","{'CWB.P': 0.35, 'ICVT.B': 0.35, 'FLOT.B': 0.15, 'SHV.O': 0.1, 'BIL.P': 0.05}"
2025-06-30,"I selected ETFs with the highest momentum and strong breakout_quality_score to maximize short-term gains, focusing on CWB.P and ICVT.B for their top momentum values and ANGL.O for its high eric_adx_weighted_momentum, while avoiding those with negative momentum like TLT.O.","{'CWB.P': 0.35, 'ICVT.B': 0.35, 'ANGL.O': 0.3}","{'CWB.P': 0.35, 'ICVT.B': 0.35, 'ANGL.O': 0.3}"
2025-07-31,我选择了 CWB.P、ICVT.B、FLOT.B、SHV.O 和 BIL.P，因为它们在所有因子中表现出色，特别是具有高动量、高突破质量分、高 ADX 加权动量和智慧动量，这些因子强烈预示短期上涨潜力。权重分配基于因子综合得分，CWB.P 和 ICVT.B 得分最高，因此权重最大。,"{'CWB.P': 0.25, 'ICVT.B': 0.25, 'FLOT.B': 0.2, 'SHV.O': 0.15, 'BIL.P': 0.15}","{'CWB.P': 0.25, 'ICVT.B': 0.25, 'FLOT.B': 0.2, 'SHV.O': 0.15, 'BIL.P': 0.15}"
2025-08-29,"I selected ETFs with the highest momentum and breakout_quality_score to maximize short-term upside potential, focusing on IGOV.O and ICVT.B for their strong momentum and EMB.O for its high breakout quality, while avoiding negative smart_momentum_adx_r2 values to ensure stability.","{'IGOV.O': 0.35, 'ICVT.B': 0.35, 'EMB.O': 0.3}","{'IGOV.O': 0.35, 'ICVT.B': 0.35, 'EMB.O': 0.3}"
